m,n,k,elapsed,gflops
2000,2000,2000,0.018060,885.9244872000,2000,2000,0.017869,895.4287522000,2000,2000,0.018274,875.5781072000,2000,2000,0.018032,887.3164162000,2000,2000,0.017521,913.2129764000,4000,4000,0.088621,1444.3535054000,4000,4000,0.088646,1443.9447994000,4000,4000,0.088504,1446.2667934000,4000,4000,0.088210,1451.0894384000,4000,4000,0.089389,1431.9387706000,6000,6000,0.277887,1554.5899446000,6000,6000,0.277047,1559.2997536000,6000,6000,0.277247,1558.1765626000,6000,6000,0.277443,1557.0788346000,6000,6000,0.277329,1557.7156088000,8000,8000,0.642196,1594.5281878000,8000,8000,0.644352,1589.1935568000,8000,8000,0.643064,1592.3762998000,8000,8000,0.642772,1593.1003748000,8000,8000,0.642767,1593.11318810000,10000,10000,1.290734,1549.50572310000,10000,10000,1.291813,1548.21178210000,10000,10000,1.293978,1545.62142310000,10000,10000,1.290367,1549.94636710000,10000,10000,1.291169,1548.98360412000,12000,12000,2.213684,1561.19849212000,12000,12000,2.211052,1563.05704012000,12000,12000,2.210949,1563.12942112000,12000,12000,2.211261,1562.90882912000,12000,12000,2.211770,1562.54967714000,14000,14000,3.475261,1579.16184914000,14000,14000,3.476041,1578.80775014000,14000,14000,3.473999,1579.73554914000,14000,14000,3.472011,1580.64033314000,14000,14000,3.469540,1581.76579416000,16000,16000,5.216108,1570.51972716000,16000,16000,5.215271,1570.77163716000,16000,16000,5.315112,1541.26568316000,16000,16000,5.217471,1570.10945916000,16000,16000,5.200645,1575.18912518000,18000,18000,7.390505,1578.24117718000,18000,18000,7.357400,1585.34258118000,18000,18000,7.342490,1588.561879