m,n,k,elapsed,gflops
2000,2000,2000,0.161276,99.2091022000,2000,2000,0.124005,129.0274652000,2000,2000,0.123928,129.1070472000,2000,2000,0.123903,129.1328162000,2000,2000,0.124496,128.5178164000,4000,4000,0.944286,135.5520914000,4000,4000,0.948594,134.9365754000,4000,4000,0.943169,135.7127064000,4000,4000,0.945129,135.4312104000,4000,4000,0.946615,135.2187016000,6000,6000,3.151246,137.0886346000,6000,6000,3.152245,137.0452016000,6000,6000,3.151937,137.0585896000,6000,6000,3.150050,137.1406836000,6000,6000,3.155365,136.9096738000,8000,8000,7.503806,136.4640848000,8000,8000,7.511724,136.3202398000,8000,8000,7.561236,135.4276008000,8000,8000,7.500469,136.5247948000,8000,8000,7.494820,136.62769110000,10000,10000,14.668933,136.34257310000,10000,10000,14.626699,136.73625210000,10000,10000,14.685773,136.18623010000,10000,10000,14.663432,136.39371410000,10000,10000,14.625064,136.75153712000,12000,12000,25.439951,135.84931912000,12000,12000,25.445412,135.82016312000,12000,12000,25.217682,137.04669512000,12000,12000,25.350804,136.32703512000,12000,12000,25.348162,136.34124414000,14000,14000,40.217212,136.45898614000,14000,14000,40.174477,136.60414414000,14000,14000,40.149673,136.68853414000,14000,14000,40.248569,136.35267414000,14000,14000,40.168615,136.62407816000,16000,16000,59.831968,136.91677316000,16000,16000,60.067149,136.38070316000,16000,16000,59.972633,136.59563816000,16000,16000,60.696430,134.96675216000,16000,16000,59.826466,136.92936418000,18000,18000,85.849735,135.86530018000,18000,18000,85.705661,136.09369418000,18000,18000,85.779007,135.977325