m,n,k,elapsed,gflops
2000,2000,2000,0.012991,1231.5895642000,2000,2000,0.012994,1231.3791422000,2000,2000,0.013094,1221.9667462000,2000,2000,0.012578,1272.0849852000,2000,2000,0.012884,1241.8689604000,4000,4000,0.048533,2637.3802624000,4000,4000,0.048644,2631.3637424000,4000,4000,0.048593,2634.1342854000,4000,4000,0.048162,2657.7001954000,4000,4000,0.048456,2641.5760966000,6000,6000,0.148325,2912.5237066000,6000,6000,0.148079,2917.3612066000,6000,6000,0.148533,2908.4399086000,6000,6000,0.148180,2915.3679026000,6000,6000,0.148044,2918.0437238000,8000,8000,0.341582,2997.8163348000,8000,8000,0.341846,2995.4993828000,8000,8000,0.341555,2998.0511268000,8000,8000,0.341961,2994.4922378000,8000,8000,0.341383,2999.56739710000,10000,10000,0.648756,3082.82300310000,10000,10000,0.649068,3081.33960810000,10000,10000,0.648640,3083.37369410000,10000,10000,0.646841,3091.95166010000,10000,10000,0.648090,3085.99245312000,12000,12000,1.134973,3045.00611312000,12000,12000,1.134381,3046.59510212000,12000,12000,1.135031,3044.85155412000,12000,12000,1.130226,3057.79486012000,12000,12000,1.135657,3043.17358014000,14000,14000,1.767568,3104.83174014000,14000,14000,1.765610,3108.27433014000,14000,14000,1.765128,3109.12212814000,14000,14000,1.769164,3102.03037614000,14000,14000,1.752703,3131.16440116000,16000,16000,2.652127,3088.84097716000,16000,16000,2.652955,3087.87778516000,16000,16000,2.643948,3098.39633916000,16000,16000,2.663774,3075.33551616000,16000,16000,2.655439,3084.98928618000,18000,18000,3.779628,3086.01817818000,18000,18000,3.705887,3147.42434118000,18000,18000,3.834858,3041.572792